{"South Pond": {"infil": 2.3, "rat_perv": 1, "us": "R-100", "pond_curve": [[4134.0, 34167.8, 16973.87], [4135.0, 41660.42, 37804.08], [4136.0, 46217.61, 81743.1], [4137.0, 48630.6, 128518.31], [4138.0, 46779.77, 152234.5], [4139.0, 44425.53, 173536.11], [4140.0, 5937.35, 175741.82], [4141.0, 1372.19, 176066.68], [4142.0, 405.86, 176632.94], [4143.0, 200.26, 176863.63], [4144.0, 50.379999999999995, 176945.19], [4145.0, 0.0, 176945.19]], "scale": 0.1}, "West Pond": {"infil": 3.25, "rat_perv": 1, "us": "R-200", "pond_curve": [[4153.0, 553.28, 419.05], [4154.0, 1098.0800000000002, 1131.04], [4155.0, 9400.53, 1246.62], [4156.0, 3384.98, 5963.94]], "scale": 0.2}, "North Pond": {"infil": 11, "rat_perv": 1, "us": "R-400", "pond_curve": [[4154.0, 697.23, 0.0], [4155.0, 8805.78, 4403.05], [4156.0, 9090.57, 13351.23], [4157.0, 5192.97, 20492.99], [4158.0, 2315.79, 24247.37], [4159.0, 232.82, 25521.68]], "scale": 1}}