{"South Pond": {"infil": 1, "rat_perv": 1, "us": "R-100_25", "pond_curve": [[4133.0, 146050.31, 0.0], [4134.0, 155928.7, 73027.47], [4135.0, 166031.76, 150999.09], [4136.0, 176441.75, 234062.37], [4137.0, 175897.4, 322229.24], [4138.0, 162043.46, 324906.8], [4139.0, 144603.5, 475450.78], [4140.0, 133909.88999999998, 542371.28], [4141.0, 124279.73, 542953.09], [4142.0, 106688.58, 543059.69], [4143.0, 92119.04, 642127.74], [4144.0, 74938.17, 679647.26], [4145.0, 66073.59, 712709.68], [4146.0, 56474.5, 773983.73], [4147.0, 42638.33, 823540.14], [4148.0, 3415.4399999999996, 845250.19], [4149.0, 1941.87, 845709.27], [4150.0, 947.25, 846162.93], [4151.0, 502.99, 846232.73], [4152.0, 205.75, 846411.07], [4153.0, 57.01, 846523.53]]}, "West Pond": {"infil": 1, "rat_perv": 1, "us": "R-200_25", "pond_curve": [[4153.0, 553.28, 419.05], [4154.0, 1098.0800000000002, 1131.04], [4155.0, 9400.53, 1246.62], [4156.0, 3384.98, 5963.94]]}, "North Pond": {"infil": 1, "rat_perv": 1, "us": "R-400_25", "pond_curve": [[4154.0, 697.23, 0.0], [4155.0, 8805.78, 4403.05], [4156.0, 9090.57, 13351.23], [4157.0, 5192.97, 20492.99], [4158.0, 2315.79, 24247.37], [4159.0, 232.82, 25521.68]]}, "East Pond": {"infil": 2, "rat_perv": 1, "us": "R-300_25", "pond_curve": [[4149.0, 84.98, 0.0], [4150.0, 1779.21, 932.09], [4151.0, 3599.32, 3621.36], [4152.0, 1248.5700000000002, 5783.09]]}}